SampleID,Cluster1,Cluster14,Cluster6,Cluster12,Cluster24,Cluster23,Cluster17,Cluster54,Cluster13,Cluster20,Cluster16,Cluster46,Cluster21,Cluster7,Cluster19,Cluster26,Cluster32,Cluster52,Cluster47,Cluster30,Cluster29,Cluster48,Cluster3,Cluster43,Cluster25,Cluster22,Cluster44,Cluster5,Cluster8,Cluster10,Cluster11,datetime,batch,batch_day,days_passed,elapsed_time
240319_132915,377.764456341864,312.967050221472,4021.95399160459,73.4527153603718,960.689188745405,209.748373973693,61.9189844343956,1584.24848443592,147.463976309561,132.265391941193,838.246557600118,386.066025218443,253.018172260325,47.6032198334569,54.5445213849605,240.963116445291,54.5496077511349,2521.48452679064,276.837060588208,224.890888999647,314.317060860411,34.5370109605791,82.53121462289,59.4732032833152,28.8996684882104,7.47383428477873,35.4845307338832,22.6797161002139,12.5156894347238,17.6033818278972,44.7643655535339,2024-03-19T13:29:15Z,1,2024-03-19,0,0
240319_144050,356.131150271358,344.031417431643,3791.34385530479,73.8274807999269,964.731148233017,201.670241412551,67.9997682965313,1462.79999533921,153.448992067192,135.47213568058,863.557145372513,400.71783411095703,256.342497768141,38.4830478979677,59.500834025899,281.085275776608,62.7362309971681,2753.93468310784,199.194318830746,201.183272079356,324.394764504457,42.7418561851568,74.7439424949073,52.1930048512486,34.2388417298913,8.22836833656033,37.0234689484507,23.9212647154138,8.59728358213604,16.9003398037257,38.4845787178103,2024-03-19T14:40:50Z,1,2024-03-19,0,1.1930555555555555
240319_155225,358.349166115662,357.556277700715,4037.56990492372,68.7879327735678,983.810538047663,209.142236261119,67.2809840944467,1134.19897960185,155.536940571864,140.6880675469,823.341045385175,440.660663186956,253.868569108336,45.4954862507558,60.749327958074,268.492158669585,56.9111044207502,2603.81627699367,152.207683036685,171.30921025478,308.234775727891,41.8469686744697,75.4997050344366,47.2424972228522,31.9892204809396,8.18856303115948,37.3865871711085,29.3828928396865,15.5546099668182,21.718519278168,106.283622330158,2024-03-19T15:52:25Z,1,2024-03-19,0,2.386111111111111
240319_170400,346.959045051695,349.245817977631,3825.64607445854,66.2018415619883,1103.45053235724,179.047794966427,77.1081161442383,999.026868655115,174.900769547904,139.75958555169,801.697819607119,488.653073918404,270.758821761993,32.2779698254781,79.3910532711035,276.20766602634,67.3643982559426,3009.22218260516,209.721450795971,146.712847231843,342.870852595249,52.8688472254108,50.3161645402217,37.9083225515301,35.9617748490374,8.71489208238586,41.6640939646588,31.4901946797279,15.5031943095448,16.8829227877296,51.1975497318547,2024-03-19T17:04:00Z,1,2024-03-19,0,3.5791666666666666
240319_181535,356.846852249365,387.977116038442,3939.9391297588,65.5206525169041,1091.40022926331,201.966574566034,80.2195766467413,1916.26404369775,189.708119759711,170.788477971562,802.636923109198,534.469811970253,266.249473897018,26.6587095716437,81.8641395364141,343.574081745924,78.7801626311913,3151.12014829692,442.396919139094,107.197202055811,372.540678570635,46.9089719029505,58.2128247441824,38.219642574588804,38.9239267691059,12.6485725297646,39.343177513631296,25.9956580153233,17.4101050910399,17.1981250823209,58.8822839068354,2024-03-19T18:15:35Z,1,2024-03-19,0,4.772222222222222
240319_192710,351.047060489336,486.772257024374,4293.96533484763,63.5453962976586,950.008099533464,199.88193735064,90.3257784863201,1514.73733254416,192.030112817096,180.131361331596,893.349682331822,581.89974982757,264.178538532042,30.1827092807243,91.3192437574977,358.068948239548,83.3194817952555,3287.53323703797,149.621466388934,87.5534339982539,386.011043702306,69.0190566613465,58.1842688265489,32.6416320231023,42.3417761470007,12.8326753374364,52.762194352536,65.6090167005323,20.8033279312303,40.4154035597135,346.64974431697,2024-03-19T19:27:10Z,1,2024-03-19,0,5.965277777777778
240319_203846,336.41627811712,494.837617912249,4532.01963960825,65.4363364560294,1073.58857032026,223.482261469262,101.750947492405,1558.16234789739,209.9558442313,196.460540429234,957.623638171651,766.767980248395,336.273482427438,28.7564339879657,100.150317823023,369.607203660845,102.350967861721,3502.93977512792,88.5253901832966,84.7627859016005,412.58731309892,86.9268883164002,59.6875261790396,34.5807999948314,50.7946451539311,13.8446946221667,66.9314755401462,51.1844513072138,25.3859908567757,38.4563764611312,102.652175063861,2024-03-19T20:38:46Z,1,2024-03-19,0,7.158611111111111
240319_215020,382.362631939797,419.668481034801,4315.14245261786,68.0252277128753,956.626699477875,225.655181188625,85.5901908521124,1504.66114781757,182.450616314947,175.886176318686,818.667505001766,565.365785005831,333.838960344551,41.8790000130929,88.4844279377682,320.172640362031,73.2641330183448,3155.17741600584,113.296072705286,115.414297960709,359.187729327312,60.1069411541896,83.0457554472902,45.232218449982,41.8430303321772,12.5966815985742,50.8048527095461,53.1833034471991,26.3905706091044,43.2570210128045,556.803273258944,2024-03-19T21:50:20Z,1,2024-03-19,0,8.35138888888889
240319_230155,360.945208502164,414.517005768091,4282.98796566668,67.1363531473187,947.663037124836,217.40567479966,83.183183064526,1992.9604869453,184.130946137587,195.001923563729,795.506115494393,580.32167243169,326.855331264093,35.78475002183,86.4471192066008,335.424543853268,74.5378686242232,3217.10081800055,258.992894070033,95.1244357481632,348.001518747276,71.7593057489591,83.0658928123263,34.6470814272616,45.271554667272,13.233219389503,51.1561585572116,43.0093619594127,27.0998426306951,37.8253337061471,178.331509159824,2024-03-19T23:01:55Z,1,2024-03-19,0,9.544444444444444
240320_001331,367.639290969324,426.005190237775,4263.63837184544,65.2367358342964,949.534474693128,195.411297388775,85.2886204029744,2029.44943515894,187.818095377517,185.90142816249,866.893442957998,614.637291643645,295.87738363422,29.3020917638257,87.682847586799,351.4807347254,77.3237034832494,3251.89588199335,225.64205707177,78.304899956068,364.185554406887,74.1666474434861,70.023994002175,31.686178018531,43.9569144176969,9.62386682495094,52.2181982624236,45.9142325524221,25.661599362112,29.1453263784777,106.95802515659,2024-03-20T00:13:31Z,1,2024-03-19,0,10.737777777777778
240320_012507,360.147029167586,483.457195101874,4360.89440184287,68.7926289020856,1090.30459015913,202.653194433157,91.775528097803,1878.00386645673,194.65577758136,196.908097619883,827.413111719349,643.22787834178,305.021941772443,24.96165231352,91.8915501901185,391.583505567506,80.8241124797226,3364.58340744811,171.117007713498,69.3733644007919,387.402701339522,84.3024422070422,71.0308173386728,29.8552479646984,45.262644509735,10.6379101419247,57.2815223557641,52.7797640814728,19.1364478512362,26.9055456677934,135.097158007281,2024-03-20T01:25:07Z,1,2024-03-19,0,11.931111111111111
240320_023641,335.135749245019,462.480937870604,4479.89718972503,63.0148402968552,1086.28305792464,208.531159257251,99.2900801575875,1701.05944233315,210.625948953564,193.203345045116,919.050227837281,736.671921648708,308.79138463615,23.9045498169512,96.6330241176237,370.095067701339,101.706212272368,3512.33694599331,258.344118892426,71.7814948494928,424.113546506305,85.4910532937755,67.0463501439839,29.6370858837515,47.2563309629801,10.7959950380072,64.3584423155278,45.527794284273,23.3398819509343,26.8992895435991,86.0453114134305,2024-03-20T02:36:41Z,1,2024-03-19,0,13.123888888888889
240320_034818,333.099853864938,464.989443875917,4565.27689350759,60.8069781051194,1085.52595343937,222.610863229462,85.9483622381868,1622.99365691701,210.570725045532,204.1218061182,850.143271170312,793.999468799724,288.957994196579,24.4173340370911,103.276939871862,381.728246004177,99.6383296411711,3390.85664123334,176.54559082528,66.538290839165,412.036293181204,91.9589007122655,64.5341788088427,27.5124315649044,51.6747208287827,10.9513108403239,67.0945372934692,114.122954420915,32.9585672588753,47.6354335292971,714.450820866982,2024-03-20T03:48:18Z,1,2024-03-19,0,14.3175
240320_045952,437.667820593802,467.010105961044,4504.22721023077,61.4120124348249,943.852883972934,208.437351953866,100.473230314171,348.343824595491,200.892358329921,194.686904795383,876.22066340605,767.102415461474,320.663919365578,19.592938238185,101.296681819677,387.567789119667,95.5076646978837,3467.57538940826,41.4776058301447,59.4503515389254,409.631694522106,96.975158718658,68.1394562359281,27.8619815057088,39.8516076958384,14.0150770646431,61.9998954383886,59.0410370230159,24.5859453970422,39.1724285630101,136.803666184703,2024-03-20T04:59:52Z,1,2024-03-19,0,15.510277777777778
240320_061128,339.102987970716,482.899837489021,4450.66197606099,61.7313801317494,940.261382176833,220.469449399993,86.0481715623962,427.025764795911,201.103012427387,201.028625492234,815.39371593501,691.333142009095,315.028917143894,21.6367137164687,102.009216919249,364.378259571187,91.4161457216607,3508.0605595835,38.2266790378782,57.2458365421322,399.03210022844,82.4991056986731,57.6588357642434,30.0586776476593,40.5346953745581,10.6059227350234,63.6524958043545,56.5995394197012,47.7816588530266,37.1853141808405,142.715453381156,2024-03-20T06:11:28Z,1,2024-03-19,0,16.703611111111112
240320_131536,482.276770151868,286.285605388837,3603.98874513691,70.7018696105306,1075.1308414253201,163.343605055468,53.1886892147721,1671.56050079256,133.648069503506,108.467729712941,699.791247465502,332.433389287375,232.516777614194,36.7794199828196,59.4897087179587,227.370693234212,49.0413917994212,2264.75632461993,334.952516365693,219.671798053511,283.460620721882,32.4450039464095,63.8474773740632,54.70347663018,27.2755768554031,8.10818485875019,29.8153649911571,19.7124302522314,7.81030768588079,10.922488023216,22.9584115722027,2024-03-20T13:15:36Z,2,2024-03-20,1,0
240320_142710,379.350948746008,298.046519962534,3578.0019213216,67.1592242301168,1030.56879247235,156.258295606958,52.6782197076477,1441.0422483001,128.643154278968,111.604088914513,780.523045405441,312.799727160599,232.443536171164,37.3804736505111,57.5006768624219,228.589822860957,57.7238581918232,2316.54778468591,245.669224678242,194.732020278056,247.362200109806,31.3931143702651,59.0192357200946,57.7792811652515,27.3983994575645,6.69870212456936,36.4839347954734,23.2565154266263,5.99862024396552,10.3921348222001,25.4231715821663,2024-03-20T14:27:10Z,2,2024-03-20,1,1.1927777777777777
240320_153845,365.153234651637,355.272474351048,3982.54184456196,61.9148643724638,913.218719765764,182.442735667388,59.854526129052,849.731719179085,142.472571858018,131.936276680948,781.133905865845,405.072319464635,228.979151471131,40.1056686229693,52.4400131753116,267.343615792084,61.836553797702,2620.90063839632,207.702180267285,133.039342196085,309.337139568181,37.7020465245735,58.3073004348274,44.8516229188312,29.2469836010976,7.61220236857703,45.2324214029625,27.6334984355765,11.9415136837027,14.4940082641898,46.120838024694,2024-03-20T15:38:45Z,2,2024-03-20,1,2.3858333333333333
240320_165020,335.937405503726,306.077615410804,4022.25820746539,60.700121286562,778.650589958502,196.548159950949,45.0759282930537,1370.68989763591,107.424062617644,111.954777877305,798.592349362981,374.897705040624,241.854714033018,45.2124032794182,37.5771229516675,231.902572418647,82.4957721739083,2512.14280469735,186.066985731067,178.851354039877,322.459290616349,32.7419538287024,101.312887166669,97.8013888116629,25.6952706233545,5.66087012826856,59.9515292986266,31.1038074118888,9.46263575822425,15.6022967987301,36.4206408744559,2024-03-20T16:50:20Z,2,2024-03-20,1,3.578888888888889
240320_180157,356.021380888633,333.134653620622,3650.91878175402,66.2894498868349,878.251117350813,192.959148799965,49.8056210229289,995.90468675943,120.813806990354,134.402270264019,748.44601422096,320.017438377774,248.56828029117,48.863834706711,53.4345199192901,254.382413236636,61.065031055825,2449.60208720353,186.94155958664,186.499681890201,300.018039604514,29.2281653818828,79.1449624278641,54.9724909577893,30.1905373750629,7.30730710969486,40.4138336574713,26.9194459524378,12.1251633573934,15.9125774419409,48.16797583558,2024-03-20T18:01:57Z,2,2024-03-20,1,4.7725
240320_191332,388.903350732788,322.388554046885,4008.17811077141,70.114354229026,935.273661468145,201.775696194312,57.3451658017895,1300.06079586184,139.508910934631,141.076481423946,780.614240606473,393.440101357482,246.694615006245,43.5405885047009,64.7403340595191,255.205047166423,59.6882883562715,2486.05329503676,205.288154887886,201.509891245593,301.922942534339,35.3193849114586,87.817138201406,51.469295123141,31.7178432898445,7.70726424148715,36.7079407523725,23.5905502337777,9.89000272336726,18.7050941736457,36.2861306957791,2024-03-20T19:13:32Z,2,2024-03-20,1,5.9655555555555555
240320_202507,409.689785727354,321.362256204602,3809.40279521522,73.1869234992208,1100.67436816689,212.532750770407,70.3155078884826,1538.49641938725,158.799281174039,138.187656371188,848.880046344587,418.525527120019,263.793398126722,43.9321967554317,73.6950429553436,275.397221870761,64.0320413897089,2861.33118574347,222.305606247298,165.620895658681,322.895424528786,45.6479826227801,90.619798806504,50.0131510454567,29.8233017383413,11.1639302807576,42.7036451471247,32.1544295191349,11.2562633752016,17.1820670077673,111.751470305543,2024-03-20T20:25:07Z,2,2024-03-20,1,7.158611111111111
240320_213641,399.419460499388,432.363734117294,4161.82245184137,73.284681928803,1105.37996031512,207.316868295769,73.8737585060043,1375.12638512542,171.612711596091,167.18663234324,869.12344649063,517.10229600385,254.796630150136,36.9484956834373,77.7105592750072,334.231696336205,69.3371526216536,2941.24806290684,237.186484580566,120.132648324403,351.486133570677,52.880731767843,75.4013800930801,46.3282470602012,38.8262995700578,9.39531449312262,44.3410699727394,33.5937965462716,13.1249999773021,17.7246991832523,53.526260202175,2024-03-20T21:36:41Z,2,2024-03-20,1,8.35138888888889
240320_224816,528.114955305197,374.350918813531,4229.79966489409,67.7716580374617,1107.87252403332,214.329773899351,79.5898633266894,2078.06725508473,175.440763287737,150.485148958763,887.554661245531,502.283046440556,265.219754731617,31.3684447715628,80.8487369445478,332.390210074484,71.9576725734568,3073.05768100797,223.444876721486,87.591050399247,350.321862251989,58.9271382924627,78.2149902523092,36.2947298100112,40.9968461083699,12.2565881542921,49.0763628180213,36.6229183104164,15.1759249835876,20.7151087009544,121.271926166855,2024-03-20T22:48:16Z,2,2024-03-20,1,9.544444444444444
240320_235952,355.041809354814,348.993225867333,4301.5119869009,67.0070973557839,1123.42348787017,205.266260460899,86.8285189464325,856.004720848778,189.737380049985,170.229976922451,861.04676527975,529.60848332375,268.97779426453,23.8280806669948,86.6550818124914,311.103189803534,75.6969912629317,2952.32060255924,86.654524742942,83.0855353040629,374.372657024988,61.3416243435912,73.28202017844,30.8938829263075,43.9282920031346,10.1993845172041,49.8552388979128,30.6227050504896,11.8928223201269,19.6109203166322,61.3135490118618,2024-03-20T23:59:52Z,2,2024-03-20,1,10.737777777777778
240321_011128,341.445185242432,389.787511891107,4283.31224178608,64.5042028926966,1116.31849816947,194.549807722089,83.123368547288,1055.72312785501,188.770310624748,187.412944342733,753.636595433795,594.165553923602,309.49154318213,27.5381884201629,87.8244997212791,327.574450277775,69.4877354087781,3027.2003331892,148.530436342581,71.7721518999381,360.433494592249,60.3829209146204,70.3214198935775,27.356461938645,43.1691332063982,10.0938891692437,51.4493158228382,80.0482747071128,35.2045377656035,35.7229889543271,430.910077887421,2024-03-21T01:11:28Z,2,2024-03-20,1,11.931111111111111
240321_022302,344.104823025311,423.785844122141,4309.29779267329,64.3410776139032,1108.69900757273,191.158303287115,87.8014051560252,2417.49844311095,194.394457764069,194.170365234055,768.409597026448,605.108531281084,285.867683504482,25.3150073393769,85.9223691452261,365.548695245904,78.8243051268204,3261.16781289215,348.322738463594,63.6657332005449,365.876307477851,66.4603635321437,67.7830731580924,27.8027473072496,48.0736313493987,12.8378533075707,51.0953874476631,91.9486479065776,33.0349483703834,40.4742560488681,608.582920305561,2024-03-21T02:23:02Z,2,2024-03-20,1,13.123888888888889
240321_033439,334.936085656948,464.580435746601,4372.56604626495,64.6446033528661,1106.19818008965,205.182549537816,97.9506177980311,799.974271960246,204.756029300938,196.386133014032,864.511462934636,675.620796760172,318.734678640511,23.2748952047065,96.0559653487319,374.515003342058,84.8784355605654,3405.38679757241,83.2770697309474,62.2013340322504,401.634828605394,75.2340074630519,65.5875858489473,25.7562515198599,47.4330637346654,10.6303770153258,59.4795737343275,51.6433665420625,27.8785317922232,30.1068098502384,101.196254272683,2024-03-21T03:34:39Z,2,2024-03-20,1,14.3175
240321_044614,348.393122747572,467.640090348035,4437.04391512719,63.8185133124181,1091.65853615891,205.417534599217,99.161388792739,1139.51265562207,205.686172846854,193.07981018652401,822.265182007204,753.727512970229,295.770638022926,21.1260782092886,100.562462108321,380.401430557255,93.2099297742622,3453.56635126321,70.8002817370756,61.9325119687571,417.134233787486,94.0449483357536,68.6453545126746,26.4130933104277,50.0215208181882,11.1915623482603,61.9786393510574,61.542469349736,25.6701042243074,39.4851043017837,280.360830150018,2024-03-21T04:46:14Z,2,2024-03-20,1,15.510555555555555
240321_055749,333.53690020651,421.228850801741,4419.94455927896,63.1349924552205,949.6237373105,193.395916200268,92.3078669081343,1397.01371287816,199.12459892758,183.689674779829,882.541859379159,731.726340885937,289.367433932978,16.9409676704966,91.8688021815206,385.727278958057,87.5197169356735,3328.34303591261,228.847997962556,52.3816501403779,395.658438439465,86.5368649097867,62.8134609039879,21.150094230962,47.6524479153776,11.334148665213,59.1462406822131,53.2687210966476,26.2630066212179,30.3666716941569,89.7171027710159,2024-03-21T05:57:49Z,2,2024-03-20,1,16.703611111111112
240321_144442,393.004216534385,280.667325693606,3571.11999963663,62.7919374568438,834.009321609162,150.895165569079,49.90188619473,458.736121565701,112.907196233556,97.4087404638236,739.22955900823,314.455099734246,228.12143039118,34.9383303057702,54.5146528993201,217.134571884722,59.4414917658744,2371.82726053864,86.285806712303,205.042212205809,292.311411330598,31.2825661416936,72.4024186510405,69.0947495055324,25.4219825244123,6.10139094023992,38.2519090677158,48.9321393231001,16.2003646302635,21.5403508907324,802.294675509163,2024-03-21T14:44:42Z,3,2024-03-21,2,0
240321_155617,404.455211243851,444.132508629532,3467.79368186229,51.8623763404034,989.91162186248,159.17910332792,52.242773767677,1786.85433775792,125.334212579653,128.073581842844,715.69099073817,328.624069187441,236.665520747142,19.6393565046381,57.7110568951702,344.644203939241,56.7040866673011,2331.34880085749,291.142100377935,86.8157035738202,298.382489072547,31.9315186292032,36.4993185197333,37.2019071237494,29.0636435030995,6.89425029235658,39.3530553156366,31.5851800535787,39.0758056521536,19.6509202259833,71.5289037447453,2024-03-21T15:56:17Z,3,2024-03-21,2,1.1930555555555555
240321_170753,387.084219844222,301.998520720868,3805.87956520365,58.2133372418005,849.130926357806,172.827292327955,47.0881106998459,1098.04543108473,114.049864181018,112.632211925446,656.726031230428,302.6726342309,210.51186682327,41.8739843859453,51.8130329524559,231.009345280614,58.0132985891806,2307.42135032173,129.086475529211,180.732724606594,286.786404108803,28.0443353260649,70.3411206144856,56.6486555136969,24.4824275464695,5.9643094341044,38.7933986974213,22.7859313284806,7.17135696856796,14.0112109955797,26.2581879893241,2024-03-21T17:07:53Z,3,2024-03-21,2,2.386388888888889
240321_181928,376.612054288073,295.721725507643,3973.74867382905,68.5529273045013,989.913892958368,177.205825015424,53.091566008910704,758.490008814079,127.506626334398,114.816765024378,804.674543235081,364.742802040592,231.399423427106,34.7549004452856,56.5535378187146,273.97764987438,65.1415992937314,2344.67723816514,148.239651070868,160.912029388961,312.273512387233,34.0882627928371,67.1930603832452,55.2338502164725,25.8762496999041,6.34629261972598,48.1967723688835,28.5554024785231,9.80115327258846,13.546663731744,43.5305825963505,2024-03-21T18:19:28Z,3,2024-03-21,2,3.5794444444444444
240321_193103,422.045308489354,319.057946396999,3635.6845663789,66.4769583915749,932.964060846123,182.885514460387,56.9529752809368,1323.52860116481,137.640629732839,138.476112984439,768.055788670957,379.763292752022,274.72910123782,42.4559372427909,61.8080653230752,256.85965372878,52.1673977588393,2488.14696119691,154.881047246878,165.5452128324,282.540757433886,31.7178234086981,66.3633798735954,53.6661870721846,30.8336264369448,7.5189558741612,34.2969188238472,23.4269819509611,7.8062979869989,17.0051069519825,33.5691577423369,2024-03-21T19:31:03Z,3,2024-03-21,2,4.7725
240321_204238,416.548443751818,323.274693429971,3659.83997752147,68.2785151226846,945.618980915239,177.756365381559,60.9326475400726,1581.39520120665,143.550349240969,139.580526603425,744.277033280607,381.121397689063,262.916101847682,41.1177556206427,63.9546132455698,258.828075389519,49.369874409285,2571.80994593845,219.11091727522,151.20936609381,293.836890257811,34.1702497222549,68.1696930175484,46.6089810373459,31.7561515448775,8.15070601666221,32.9235912285978,26.3017174529433,13.8197647595811,17.2520241367296,45.3396229835032,2024-03-21T20:42:38Z,3,2024-03-21,2,5.9655555555555555
240321_215414,372.670356346047,549.238461094215,3921.14070980908,61.1777635409676,1111.7087682439,179.118869127192,69.6662184271181,1846.15510103974,163.246459967495,186.349080337897,772.896836350034,433.066683955684,300.627973103474,21.0471619834925,76.858396173243,403.017084029654,55.775054700803,2856.9529772941,292.722418812771,81.2601424721467,315.827913388761,50.3998999677084,63.0370058293831,29.2872541003331,37.4626784983965,9.15192703826431,37.0268361325571,52.4312358062359,35.0174167613817,27.6904574212961,92.7619097625091,2024-03-21T21:54:14Z,3,2024-03-21,2,7.158888888888889
240321_230548,412.090273150433,438.329227251515,4209.99931480061,67.8530272505808,1104.01128187762,199.214488057931,81.4732966408639,1165.75032222048,179.780649709009,168.833820050575,847.322844277636,529.356315129282,283.543859918768,32.9408359707714,82.0765435909417,340.990937785244,73.2260144597372,3082.62770986014,131.278006556808,94.7530761613248,352.765610304432,56.1536699134706,73.6373622300127,36.762514554901,42.0237535964601,12.0379997594044,49.585090512225,38.2961443977121,18.4512666843156,22.1642288365709,79.9633146846022,2024-03-21T23:05:48Z,3,2024-03-21,2,8.351666666666667
240322_001725,395.64535410573,414.560274108703,4196.39200395149,64.3294956009078,1119.28170833351,193.984282118497,82.4893240117167,845.043919375162,183.725526155686,161.563357936975,831.501474951189,570.898820562389,249.755709545789,24.2830539717512,83.9383319964577,356.92257914514,73.0258121406764,3048.86353701068,77.8365926101805,77.7037410613986,347.153441825498,58.2425867296716,62.2726949761722,30.1253056517784,42.6968010802333,12.1766910505037,46.3426639799915,38.5195205858287,12.5338842856286,20.0930073083854,64.1553700889413,2024-03-22T00:17:25Z,3,2024-03-21,2,9.545277777777779
240322_012901,440.588404372476,333.316015240071,4217.39043590977,58.0693913463896,1110.74266143221,193.240555157043,68.3536410992954,787.054038044398,180.585459699354,145.462437828471,819.030304169076,516.311152487141,267.854037622173,24.9838565492834,84.5949479806734,316.516354890707,66.7261316797729,3034.78377597399,68.669370981597,70.1941360292072,355.590280296495,56.7353206734022,69.4880091193252,30.4859251625734,34.9878988606019,9.72402080096541,48.3403191569089,36.5006257635669,21.6483615614883,37.5183581904715,205.212760161932,2024-03-22T01:29:01Z,3,2024-03-21,2,10.738611111111112
240322_024037,402.549026450307,356.060414092387,4146.63966878187,55.9276802986115,1104.64746599801,176.880984457725,83.0979100639982,1700.08160979881,177.615973554511,172.757547059576,700.52352405671,530.511272012614,279.241895271659,22.6751174816653,82.5227358265871,325.939832998997,67.6106328378465,3053.58732086885,172.741162600466,59.5771663291121,337.424018855732,64.4222100809418,61.4143154789437,25.6876600033905,40.8241495064234,12.0239051145618,43.2300726065755,75.7209917447483,29.6154398031903,33.757294767674,662.715635646087,2024-03-22T02:40:37Z,3,2024-03-21,2,11.931944444444444
240322_035211,373.757201211655,522.983393100737,4092.77785685976,54.3885443806265,1111.43314913831,165.013191759176,86.1256365415391,2355.12333545875,179.945708070038,191.547747372801,686.922119959362,525.426673759806,280.602755692631,15.3017608779967,88.2927415472693,375.541031953916,61.8586636442102,3118.79850785856,154.706240806363,52.1160429956114,334.080602712902,63.1130956379982,46.8097338601933,25.2490875057427,48.3510618207563,9.64050426104285,44.859125075522,94.5313734741391,41.0103345294049,54.3006097990898,194.019941321249,2024-03-22T03:52:11Z,3,2024-03-21,2,13.124722222222223
240322_050347,375.890130970357,393.389730819796,4116.58688931047,58.8566373902531,1106.95420828246,189.4255322322,89.8667637071501,2108.16393924737,192.316708832051,187.957348567742,745.563048791597,623.346526810315,290.456165576446,20.8171059082075,87.2381240611548,363.531049354293,73.4474937822658,3302.84431874395,316.735432475718,54.0387740903916,369.466643213224,64.52491873658,50.9877193677215,26.414656888972,44.7453519617875,10.3930627410011,52.1147995999667,123.075896669195,35.3408002256786,44.3911481796899,829.574835006275,2024-03-22T05:03:47Z,3,2024-03-21,2,14.318055555555556
240322_061523,331.267662944521,428.871468186053,4330.51949866415,62.1786815002083,1091.97377048191,181.816810694975,91.4281710115877,1837.72807369217,195.396721284372,174.438797867366,838.387042369231,651.306473573999,276.249396916371,17.7332797708739,86.7209469823095,387.882021767518,83.8305988214272,3287.75661036162,257.23951225678,51.2145539857746,381.321902492399,68.6591093011943,59.9276937812711,26.8276449380959,46.7475746908537,12.9663152103899,59.2760844616093,56.0368546292852,24.0755949466751,30.1016431952006,102.481218490247,2024-03-22T06:15:23Z,3,2024-03-21,2,15.511388888888888
240322_072659,339.896547174348,660.206663480753,4366.42764536765,54.4708881166609,1101.78101182303,189.100937091682,101.273136606516,1100.31730531429,204.899864325761,151.689266122895,775.584347355295,731.707891563696,302.009941366617,12.9531589733405,103.95764722458,422.61537756869,86.3666323201164,3389.99618525409,62.5582373031376,56.9367446813957,412.365068959021,79.3832930156869,48.7932648033598,31.4050922655478,49.9579668801785,13.4084327387095,60.794195810333,108.246163793032,51.5612533457322,60.757749035546,195.694096012024,2024-03-22T07:26:59Z,3,2024-03-21,2,16.704722222222223
240403_133219,405.128759332279,313.658773817462,3906.76976740171,73.063816425594,926.370850789655,200.664442505145,40.0988340737529,1312.34921680119,127.444067602564,106.010970905732,782.560009433038,337.720670446782,232.112409182686,42.675579277219,59.2809800443413,186.232938338388,49.6882486108962,2228.15811323368,220.402174202404,255.675364463787,277.32595982063,29.2205458893541,92.8207013630613,66.7973329468452,26.2100769999425,6.20289103003832,30.4206249032958,21.5877785031152,14.607460999223,15.050190257079,49.3006956537719,2024-04-03T13:32:19Z,4,2024-04-03,15,0
240403_144354,422.590742733875,289.445059511911,3947.81601949138,72.3595395441001,1077.34753438068,206.02267564216,52.9776388549733,933.208591302761,128.147701539211,108.444119078183,768.866745922692,338.854790356095,244.10825574711,42.9454665727983,57.8450067746138,205.420269381363,48.9102413582142,2213.42467171749,211.237247093075,306.927198282979,279.8206923151,29.6768167100315,98.5956279147783,72.2366906514451,26.8530380152833,6.05102652787011,30.9704489930521,21.8641921104121,14.0778942285615,15.0663443067292,59.2946363526025,2024-04-03T14:43:54Z,4,2024-04-03,15,1.1930555555555555
240403_155529,404.68188110506,364.627821318316,3985.33059680387,68.3407375845901,1100.49370471246,216.263622247935,60.2368498814674,1772.07021403137,144.46467978088,141.07471830424,796.250629675951,428.794802060207,294.299935422111,43.3230973823376,65.1061619272328,227.357041845295,53.942221853027,2563.14359736143,187.300150959493,205.74629867963,293.674200605701,44.3359472934429,74.8781790969552,63.6532683006432,30.393267981122,7.51525604646157,33.9875743106874,24.6559685708991,14.7657812304964,20.40793077153,62.7720935965473,2024-04-03T15:55:29Z,4,2024-04-03,15,2.386111111111111
240403_170703,401.391120107144,311.619430640436,3615.63979397258,74.7791256419936,1089.22807899964,205.855790891624,49.8744350700791,885.512715785024,114.35039116551,131.066013777929,745.892455065654,350.912043988401,294.656905011491,55.263002160669,55.4024635098751,213.171850913602,42.8521172451823,2147.59932987329,160.934668357956,320.163750973585,271.609094079716,25.4368136645795,95.7905137625935,86.4122323655456,28.2820767836761,7.37576730699585,27.6954191451306,52.1821375016159,26.7793867194975,29.9841144165275,916.315485857465,2024-04-03T17:07:03Z,4,2024-04-03,15,3.578888888888889
240403_181840,426.792636981079,315.312589380854,3820.98497648291,74.8729175296422,1089.56512451557,196.157506160235,50.5908699341788,773.441230790511,119.241248440057,130.527121357291,720.551804992714,321.747786271916,285.22671922885,52.2629357348787,54.8887339521599,202.461746969749,42.0062438953757,2140.9329547161,134.878958087469,288.008016441358,270.24599415209,24.5484355587797,96.4166771250306,76.9821940721044,28.463549474647,6.77616065855782,27.8544555862176,28.6424860722326,20.8021367993551,24.8341826051931,209.87439264516,2024-04-03T18:18:40Z,4,2024-04-03,15,4.7725
240403_193015,480.907706547103,333.341800100317,3713.68183297546,71.3559308147288,1097.54389416909,192.917065069015,53.9457351587479,864.110585114506,133.710009105913,137.038568771376,738.353424498557,373.217256241117,267.74971884129,50.909566283338,61.4525514733376,221.222429975164,50.2681223396623,2450.68348926833,162.111284967798,214.139451845946,288.166111041988,39.341886811043,92.5460642216762,68.804977869454,29.6712760077209,7.18067598885132,29.8297795239763,30.9051341950649,21.1395117366922,27.1254058940457,188.138886326392,2024-04-03T19:30:15Z,4,2024-04-03,15,5.9655555555555555
240403_204151,448.06473676901,349.124221697848,4041.25183019785,74.3641441117994,958.908026047508,199.570221761809,47.6634163856862,702.46725430886,119.997235962311,121.900536380956,767.373376817282,372.55647126529,242.250523182576,48.148631913615,66.3070899363869,227.211950599679,55.6585626686926,2421.97826692904,96.4737955088754,206.736345916192,309.04451096372,35.0233461905727,93.3129241121005,54.5085199958903,29.341792023323,7.52087683914647,31.9493268548725,34.8877845768962,20.7633158911525,21.2837797701941,241.224329350991,2024-04-03T20:41:51Z,4,2024-04-03,15,7.158888888888889
240403_215324,416.580803274536,333.233305831978,3713.42338399445,66.2308874143943,1106.48802108667,192.512765780902,52.0081268261754,1060.59171622763,144.171503091248,137.747848599851,758.286201480069,432.34550199075,261.220813349431,36.025279615798,67.9727871335925,232.322111995104,52.0941416968211,2462.86128866888,167.887697068204,123.912001403147,304.491305891167,44.8203925194412,71.6130709587306,44.6949211470356,30.3278764798151,7.31748258047417,32.4469457894238,76.1803388993433,29.329193966907,40.4319332126354,1117.66415763841,2024-04-03T21:53:24Z,4,2024-04-03,15,8.35138888888889
240403_230501,445.250414275899,333.046900337434,4102.15103112852,65.3862966078967,1110.70533598941,209.165633516731,72.1014409766729,1313.71956609394,162.803114546222,156.302540326364,815.546031427485,480.225579765341,297.075395024504,32.6457471176413,75.0594374739558,255.540043944975,63.2377630292609,2642.61593377212,149.158396549302,107.296319265013,314.99182408223,54.9840314149409,71.9048594608532,40.0538108063915,34.6827822717682,10.8654559064625,39.115262529847,63.7137717170779,34.970560413052,36.8183240710087,702.928779570311,2024-04-03T23:05:01Z,4,2024-04-03,15,9.545
240404_001636,414.938186897804,364.377281551329,3860.53420671914,63.7654365055003,989.574683469687,186.056954709612,60.8056953199505,154.396796516734,143.520302612588,139.244012805349,701.695290023828,438.172542164861,265.708270370049,29.1832150072283,77.2391865160454,253.154719342131,57.5164136427401,2671.38274488424,29.2294630432916,90.0800039213998,339.38883461012,45.7840427610829,66.5568336142857,32.2804888320793,29.275582953953,8.4529185946342,35.9839595919811,43.6439527497467,24.2247083609983,25.1792567500337,190.21145887343,2024-04-04T00:16:36Z,4,2024-04-03,15,10.738055555555556
240404_012812,414.742063715052,379.035541311848,3880.94957699188,63.5114724375094,980.044160055701,182.013842699565,62.4977386622284,1239.1546208849,138.780879313276,148.502928456222,783.387280940481,459.649159429944,251.523208203573,26.2381512613026,79.4959386014107,282.296778977156,60.1029631632586,2784.88911015797,86.7050892356521,77.3725488265412,338.742082363777,47.2707626329435,62.5376788479839,32.2394676678709,31.1153575510086,11.1646733597891,39.0109551516558,97.7112880462489,37.1456904164893,37.3630994860027,959.734325045808,2024-04-04T01:28:12Z,4,2024-04-03,15,11.93138888888889
240404_023945,429.788488939761,383.971125692265,4123.4725957574,65.5815373395365,972.029952106343,188.820715171213,70.429076292161,1125.75982360881,181.617199918437,154.712904254133,809.882940081476,555.280920452615,257.769465827734,25.9089001414632,86.5775103687506,291.064450181847,75.45239882609,3122.41943256971,111.874703089875,69.1747367423121,348.268431970029,59.0670043788702,71.5277565606321,29.6238462265117,32.3999084051512,8.47292976397127,49.3271557771897,58.7963944844659,37.7713357979633,35.2483098276847,255.148001336964,2024-04-04T02:39:45Z,4,2024-04-03,15,13.123888888888889
240404_035122,394.449069619126,391.800280620488,4188.34801272281,61.6707451506194,1116.34055680633,181.155395422951,70.9833069470944,485.136578758436,185.392148739436,168.862658572308,786.451204855805,561.803900237236,277.622333926401,22.2939806355043,86.6860191772273,296.151131885993,70.3202546498497,3118.92709756615,47.0969622264243,62.8456541084231,360.691328339793,68.6977758930661,65.1510369926175,27.8015473631792,43.2345788469025,9.08658030032005,45.5716519819302,64.3507170395017,25.3789518789001,29.6664064675316,363.090498830836,2024-04-04T03:51:22Z,4,2024-04-03,15,14.3175
240404_050258,393.932464419492,393.047857663801,4311.90288315513,61.3443403308212,1115.14198641051,202.556983039535,74.0046944234883,1216.37954535999,189.145970682088,172.892248575111,844.066636222249,647.242103706,299.385960776344,20.3214856087862,89.2524020029669,324.245387384957,83.6734632628295,3001.15482548433,96.0271305698316,62.3870690831276,381.210750739116,75.2042405210384,70.8842434213682,27.7261894528405,44.2385883688069,12.412892247708,53.139457673635,89.4335468323064,31.9748209107605,39.2465230381682,703.643834464189,2024-04-04T05:02:58Z,4,2024-04-03,15,15.510833333333334
240404_061432,390.656893799757,441.312821908998,4360.33071896,63.2595346645102,961.919297535508,194.120802239589,73.6648172113078,481.759218092505,191.123896254999,176.921553637812,778.140016770856,643.268853865151,304.474712946353,18.4984468057504,90.1206099128267,327.373313999917,80.9670164878765,3161.04795840533,29.2931737655988,59.0440356774913,375.346758417264,77.4388640521439,64.5875413331317,29.5109441953473,44.7252446854129,12.5897490269916,56.1505127467025,49.7530269626274,23.1000159397308,28.5291574401918,123.941111979717,2024-04-04T06:14:32Z,4,2024-04-03,15,16.703611111111112
240404_140311,425.124539888996,294.512053559593,3801.42914780297,64.3155455839351,906.382044622672,182.458611747742,47.3499951825951,820.011794555009,115.882144107502,117.584023113578,716.769493106952,310.733852667942,263.839477186409,45.8044686924318,53.2541394942188,200.262302366522,47.6743464682216,2082.80528068787,140.542673295337,260.543213812004,269.530582008502,24.2686136854693,81.5478681564733,63.637490540607,26.6568859372835,6.5616696365405,30.7990248610593,29.6217969759905,17.1403938989522,22.0936582904763,322.850123280634,2024-04-04T14:03:11Z,5,2024-04-04,16,0
240404_151446,398.729932778241,331.935428163907,3934.86411510009,63.8429627916151,825.74103710228,176.89132432525,47.553313580274,637.119246751882,114.126831136109,116.1977064562,730.989764603167,368.227262491618,217.20229409253,46.2632630786526,51.8389861466447,211.835039386504,68.5426183330846,2403.18222033788,101.514051142038,187.578769341688,307.120756617921,29.3552854332264,75.8884029736567,67.986661876149,24.5465983514626,5.6851079278056,47.3883511779405,38.0663717706046,16.6051578506272,17.8294378310893,209.511818587226,2024-04-04T15:14:46Z,5,2024-04-04,16,1.1930555555555555
240404_162622,410.036495123067,270.605665308898,3890.75372633955,66.8289583599298,959.070341378503,193.150845073256,44.8310480228032,1163.10704869501,111.006231019178,105.356462216936,757.203469100573,303.02508998928,221.436831823407,40.1374807340927,49.496270863219,233.356991202728,56.1891915294173,2198.78435903742,162.460724953601,286.009969387005,288.132862795095,25.8190405682515,92.711877664786,87.9479670286542,24.4223034485297,6.37637095707477,35.7989107750025,21.4388621711162,11.862470474268,15.9903849062408,48.4562705520498,2024-04-04T16:26:22Z,5,2024-04-04,16,2.386388888888889
240404_173756,461.935027804933,301.905402512983,3629.56778771565,64.95835542905,930.820063757924,181.621924904157,54.2555126038666,468.911734134542,129.082742637977,122.740530935925,724.224137641571,363.965578755726,255.515333989286,41.6701641018206,58.6897929301729,231.514489285042,51.110918460914,2329.65755484495,82.1060034129031,221.402744661158,293.338453189772,37.005493585141,77.1670425912263,67.419040294324,26.658517015157,6.94898684615801,31.407709839834,24.753577762258,14.9753766720021,21.4882904792258,111.565515318735,2024-04-04T17:37:56Z,5,2024-04-04,16,3.5791666666666666
240404_184933,427.133004478404,291.322851608444,3868.07898832628,66.2697659445064,1086.5085957432,192.854849322138,53.2940942687915,1974.95465012351,128.952659557628,130.01471457871,752.548170932998,327.306565871854,270.30942682117,47.7218804852514,58.5541730919954,217.551188910143,49.4103562658376,2228.95549369726,308.265425054382,217.901890607279,270.49234300168,29.3217753570029,86.5234409452854,63.731801699012,28.4139236650026,7.43087569542572,30.9335877457107,24.2245320038691,18.2194766128177,21.3807979943746,89.3712071194986,2024-04-04T18:49:33Z,5,2024-04-04,16,4.772777777777778
240404_200108,435.477575070926,352.131009921859,3652.98826138504,70.4007040589627,964.179849694623,186.069488353797,60.2849223598202,968.024746278462,137.747591113505,144.081532806746,751.031293238583,382.292858852876,299.540486165304,51.8246467468783,65.1054374891665,238.031625954975,52.2341406371669,2558.98069230931,96.2973971838982,217.094013969097,285.949807694718,39.492800559803,70.9005868398354,64.2804098499524,25.6802953601876,7.72712603092913,33.4810468820317,27.9587773849501,11.7997403952187,22.265826912667,87.2313046501825,2024-04-04T20:01:08Z,5,2024-04-04,16,5.965833333333333
240404_211242,463.921177252147,301.331612054927,3703.84247811725,67.9470633572771,1103.6285237102,173.19954282636,59.6313512939511,1373.82920187534,130.242041996942,115.756388527618,681.405104455702,326.486352478746,225.058564359744,42.8858526372993,62.675161001391,247.08952729958,47.6392782409591,2489.80709363227,150.200039280177,155.179811857173,272.439400335699,31.4603634554457,64.0083725789114,39.99977367279,30.693130490197,7.13699311190109,28.5952670560458,31.4008408555902,17.5582447045821,18.1040214649093,122.329968362353,2024-04-04T21:12:42Z,5,2024-04-04,16,7.158611111111111
240404_222416,401.680209433298,337.766997489908,3981.64076578595,66.4817745639249,1114.37417481701,181.498546960053,69.3475558097269,1041.42661748419,158.422789315778,145.595691853707,761.476861954291,396.222146727457,225.515107870716,35.7210834068268,70.5269945661542,262.900677500481,58.3821735602368,2567.38265306102,146.095128277761,119.851348385539,292.78446670524,40.0878214769011,68.2766403910482,38.4118696169521,34.1704186048668,7.63997889956438,34.4300508472335,33.5057259799955,17.9630614148552,18.3835658541847,84.3580497292511,2024-04-04T22:24:16Z,5,2024-04-04,16,8.35138888888889
240404_233553,402.690342045835,357.576960057106,4039.36825627872,63.9962031351001,1117.38525417107,185.509819636365,73.5623667210195,1143.46391160534,166.868355896399,146.947155674994,788.438472759656,469.675548548624,258.500192260007,28.3924669537924,76.6416240938749,277.1050011371,63.8044574509834,2806.55918793752,113.84207673623,96.5221192497991,314.819411309402,54.7142677403835,59.3868945551253,35.3081997457764,36.3822850548512,10.7549608728878,37.147008066631,69.9153042955434,27.3956584006429,36.9801063049205,577.911161973582,2024-04-04T23:35:53Z,5,2024-04-04,16,9.545
240405_004729,414.868633984822,337.750461034983,3817.48245659519,63.1611375943843,957.380032310013,185.695918815456,74.150955099896,1280.43107831372,173.809709781249,157.801278686753,721.345205011322,526.294083120195,274.195221342413,24.5579124098842,77.9158129302848,296.684964598174,67.9596561550656,2876.11972711784,157.357698924312,78.4959518618805,328.238769924122,59.4231517947295,64.1595988308032,30.0099220332771,34.9485200933935,10.9903075116227,41.2668198429055,35.356544931753,20.1455196632298,19.5352187226416,80.1092446302176,2024-04-05T00:47:29Z,5,2024-04-04,16,10.738333333333333
240405_015905,408.298379995299,306.047756895437,3792.52603877303,60.8110329730084,977.576249899315,171.075028150407,63.174169656957,1289.07398146126,142.234634804776,138.178145115229,781.8798477947,444.992494167467,248.483170608977,23.3589573292174,77.1793861103154,278.497214731614,64.2040742895196,2861.89414804044,120.926356200088,70.8426563951692,323.416089482204,47.4790600094796,57.6739586617102,31.8371875082612,29.794087941796,10.996873730965,39.9859110132034,40.5395016620637,19.303084819579,33.3035119287922,137.382721967837,2024-04-05T01:59:05Z,5,2024-04-04,16,11.931666666666667
240405_031039,405.366178264454,408.079276544888,4067.19526774432,60.9649602165594,965.9917130908,164.324469596182,75.611109699472,527.178170116939,166.122163433612,171.817745676677,806.690924010751,514.935050153158,272.746048835504,20.9283981618858,82.1929339616904,298.651692478424,65.1956505702377,2956.7555982169,42.093766292632,59.4279214998238,333.824864236058,57.6233307910471,50.3128499669455,32.352572121643,39.4678367610246,11.2869898842578,39.6044258413135,102.558027126758,26.1013535936994,31.4135104514331,939.949478106946,2024-04-05T03:10:39Z,5,2024-04-04,16,13.124444444444444
240405_042216,381.317036675398,376.077026510547,4242.14745191935,55.0762734920096,1122.51343983333,183.136615886607,86.3097292829819,736.956939730555,183.848702864397,168.673460457355,795.076310175,585.582863839627,305.080558428136,18.0205108288108,85.530693997901,302.606769636842,77.980299358028,3064.45402823403,67.5041057531117,60.9213273258416,371.390196351243,58.9720154218258,48.5890371045263,27.3010316710897,44.9875502158797,11.7777611339232,47.125400674779,47.3852425854575,25.9122793619198,26.2789325593124,138.648155355147,2024-04-05T04:22:16Z,5,2024-04-04,16,14.318055555555556
240405_053350,379.341099912747,366.57687335284197,4313.78029413237,59.0625741462157,1111.4856500629,177.837130473412,91.7826439272554,1632.92223952913,193.456525473793,171.266879449934,821.905093750552,631.062751364198,267.537972815545,19.8711057097968,89.5460423944329,315.562751267053,76.0933446443579,3067.07349776473,165.805166028848,57.1190769967535,374.912735762223,65.7664272603307,66.1608209463893,26.2630185028116,43.402656701357,11.7762262877978,52.8785058683786,81.4525176081653,37.701267028449,37.8069418114258,471.454676369476,2024-04-05T05:33:50Z,5,2024-04-04,16,15.510833333333334
240405_064526,364.082121708971,332.158294363637,3810.18415419488,72.1193579720321,1125.63225180032,161.302576623128,83.9827221424952,911.882729623328,178.349773197875,169.120520753345,706.135825892713,525.218694918268,262.589238110061,16.6374253494768,83.4390882706164,293.812354815308,66.7993078020095,2844.28442034028,57.067992445135,50.7784419869367,337.121076817693,59.3370600263754,50.3446490419145,22.9755918765306,38.9161934754074,8.46896440857826,45.1796295486583,42.490682851175,23.0963180836756,25.3726626430971,88.0390071206507,2024-04-05T06:45:26Z,5,2024-04-04,16,16.704166666666666
240409_135514,444.731459509219,244.605068976658,3347.89187419271,63.4189297713352,1003.51124609178,144.91429635849,39.9612908447889,996.880992471622,94.1011080206937,101.894313008307,592.342950605825,220.584262707204,179.467973396165,33.2071695420735,43.5172990302642,166.244417319778,23.4195144003679,1726.14440489476,129.314448150043,247.516516043103,200.472150794922,10.1460028527658,67.2999283688795,49.3127907894797,21.6005705481464,5.1123460568252,19.8109939564762,16.8546171280656,8.41647864914002,12.0165984193861,18.4707747439124,2024-04-09T13:55:14Z,6,2024-04-09,21,0
240409_150546,485.429024078917,268.051366269086,3616.65550866177,63.4125741932404,996.096007637132,169.755420833603,42.239986554649,1441.69423731035,106.350465860358,107.829419929574,624.973161273316,266.66021249349,234.45289588678,37.3387397081271,47.1497790345862,162.392604132553,34.5257012890482,1813.86594123559,211.834893242132,229.250142309755,230.510610930262,18.2587907520811,69.7027416075219,61.7776930931694,24.3883006918847,5.59267495060234,22.7874900619075,24.5015619434243,18.5187747684471,19.5477401277569,201.605659257317,2024-04-09T15:05:46Z,6,2024-04-09,21,1.1755555555555555
240409_161928,396.653331305349,263.97436954149,3296.24561375098,62.5269681572077,1069.09213023567,161.519664701642,45.2156588117799,763.217120538009,112.532984387227,106.189548157564,627.12317070088,271.875878708533,226.068101460528,39.4644916440817,51.6571224961347,164.154242462618,33.9632077632056,1945.77419283824,86.4969111166373,205.309850937813,227.181976912594,18.1666116298458,68.6291503248535,51.4734830853969,23.9944411942245,5.5532979011841,22.6610419710634,26.4406999257609,23.8152656361652,21.4046283693613,193.643617135785,2024-04-09T16:19:28Z,6,2024-04-09,21,2.403888888888889
240409_173102,471.930848813943,253.703881111912,3606.23227389826,66.8130883603775,1008.96216162757,169.499335637246,33.4905477109031,792.37870025655,103.530249781363,98.7810719999387,640.725174273623,245.586576634637,191.160931383569,41.3022836671529,47.7108927892768,172.187281484445,33.7849797900204,1949.73694912984,71.2855639960896,253.300298007446,228.35251236227,18.0395465687055,83.251032771578,55.0228660766272,23.027703591647,5.67269186865248,23.6928617236674,24.8062635173376,14.627254423269,15.4681533528612,210.521592861274,2024-04-09T17:31:02Z,6,2024-04-09,21,3.5966666666666667
240409_184237,407.280001187531,262.15176738005,3665.00702972733,64.0860123581407,1036.35550279668,174.417163612523,49.1709922119105,1150.17406019955,120.165064974449,105.077881857118,683.216152364298,302.870611299074,223.812442341389,37.7271456585377,52.9383873094364,186.715261448112,42.0962532152206,1991.24823853368,142.082106188974,202.87987521884,241.92085806379,23.1214062558321,77.261924560329,60.4702262217489,24.6353846485908,6.36879309488478,26.144781593179,23.1004676226036,15.0240049762346,16.8381025808345,102.759740566572,2024-04-09T18:42:37Z,6,2024-04-09,21,4.789722222222222
240409_195412,466.784668487404,239.21672376137,3436.85196731827,63.1524729386372,891.033574869197,175.581924719818,36.4850922863452,601.021723645599,110.826207285417,93.7759689591874,659.403426605269,262.420891616649,219.082639984651,37.9903090974538,50.8319564685531,173.617868518639,35.8920656992432,1869.81030748755,39.591418165624,252.069567016786,241.203274099449,20.640597657332,89.8710594976455,56.5355628457733,22.8001470733678,5.91426805751351,23.5616203000844,21.8170745149148,15.0055174983543,15.87467733855,106.170081448325,2024-04-09T19:54:12Z,6,2024-04-09,21,5.982777777777778
240409_210548,438.715805268896,256.364053859933,3739.03417841258,63.5497497773781,1085.91970335626,173.542575671574,43.017370825353,861.458621862356,127.859958974937,126.921752259436,688.394082933709,321.089658458773,259.718052889917,38.9516276348154,58.2516410015466,198.986032554048,44.6541548385358,2133.88384809083,99.3897105600958,162.401157780807,252.736238650719,26.6253609937701,70.9304808364703,49.1655396778735,28.0523883195755,6.80032247323614,27.2928910146894,37.1957420428281,25.9297013919862,23.2857698986211,482.477579221687,2024-04-09T21:05:48Z,6,2024-04-09,21,7.176111111111111
240409_221722,368.832370380497,248.490692623251,3611.93898502226,56.4643457811801,961.861516643181,157.876992717891,44.8137790942459,1222.47914542296,131.139239732036,121.159179926997,637.308733314597,305.49055643757,239.852204606462,32.9279211419918,59.7950219392242,186.623943429418,41.7412951075039,2209.03401028054,134.352780079256,114.982523372182,233.691090787997,26.3101262251182,58.2716287802728,31.3531536126133,28.257276958017,6.05728846490193,26.3484918232362,33.7084500770681,24.8263999421029,20.3792420577412,226.060466185573,2024-04-09T22:17:22Z,6,2024-04-09,21,8.36888888888889
240409_232900,376.975621734199,271.188388380716,3639.95348500913,56.7726613273043,1106.56684123446,142.300944279409,60.2274471805131,618.593373901917,136.579673306398,127.061566366272,626.054925230072,316.593572483159,221.535403221829,25.5912680875937,62.9627226931606,174.744465391321,42.9418657798401,2270.16602656924,54.8808742922746,84.9738277271507,256.922750212334,35.9203833170894,55.2669001587124,27.3196748075603,28.4356641488786,6.25450173580692,27.6535382996041,46.4801842642154,22.7767885297577,22.0903680229804,527.455129754283,2024-04-09T23:29:00Z,6,2024-04-09,21,9.562777777777777
240410_004035,365.927205445198,270.229217334468,3492.45868153072,57.1114392919852,967.914819052763,148.285375451155,48.9690932001845,625.823217557352,141.806362859615,141.524812214534,591.72542894199,348.448932045142,232.404380427502,21.6780347028861,64.9159977017767,209.849111509879,43.2552410966089,2486.70536093877,67.1448523461565,70.6048080832677,271.785901863564,30.3575217389162,56.1246063512553,24.9993533368199,29.7718008591503,6.84790500894513,27.5744362127035,53.1011412514143,27.876659436618,23.1860470100062,440.801363298489,2024-04-10T00:40:35Z,6,2024-04-09,21,10.755833333333333
240410_015210,400.917649475947,295.13700003983797,3671.40066815988,57.1516870547509,971.714363346708,166.878944494073,58.0951832518493,1171.30897164398,160.974211992094,143.014035203244,744.643714146254,450.632309890172,252.296592369055,20.0296038586913,73.3048031114491,255.926268966431,60.0700692426476,2565.04053564262,144.809320113878,67.6494793381609,311.852139465094,43.0503964261155,54.4607522340271,25.931344209619,31.5637424685524,7.79811481536458,34.8693973032747,62.2315832746002,28.8208712135354,29.9879086920322,646.325270288347,2024-04-10T01:52:10Z,6,2024-04-09,21,11.948888888888888
240410_030344,376.441140037825,306.348529868571,4023.48516926222,54.6710750633783,986.540029772648,175.921256123335,64.6569917523791,817.730207586261,137.413895908673,153.225733187567,662.890687833823,442.008997120558,252.751447249736,22.3778651960617,78.7048597521632,271.423781817262,58.5244154873394,2890.23560114966,69.3397944237978,60.1717094820219,317.906501389241,47.0764029407203,62.7914918151549,25.7672552509178,30.8459075430234,10.9222544446642,39.0439918558034,109.788985616279,24.0970764841448,32.0125892341091,1095.2854727945,2024-04-10T03:03:44Z,6,2024-04-09,21,13.141666666666667
240410_041521,358.554400673235,274.741603591193,3816.21003191471,54.5164579190642,1113.5733786831,147.220483380499,56.930364451279,1539.75363662695,154.391490931937,149.242162437223,602.29242591672,428.603729478407,246.153033980245,17.695468539784,70.421044403824,243.674319509794,50.4364416758763,2670.90797131373,133.819815195313,49.8928971359104,295.634611162057,45.7043199297847,49.8695235079357,20.1608019874292,35.8441023049812,10.4794935099977,32.9304540962222,80.9201961548597,35.6205662777233,33.1054621030431,668.363473029237,2024-04-10T04:15:21Z,6,2024-04-09,21,14.335277777777778
240410_052656,360.68174906832,334.843892791068,3771.7045513569,54.3472587875915,967.757734409388,155.124348935007,64.7685472765819,386.863804833709,167.40523695284801,146.336263488552,738.323261632556,521.679420034267,238.448065092444,17.7956131375844,80.3550661486579,242.870126738885,60.7418812357124,2715.99169573342,33.0392077386505,51.7006924086267,322.118846848764,58.4190342047932,51.0997035887448,24.1001175729296,32.9229279715896,10.5356242727222,38.2741598391311,113.638605298474,36.9666599888346,39.3193363805076,874.112556743551,2024-04-10T05:26:56Z,6,2024-04-09,21,15.528333333333334
240410_063832,383.765509039186,330.434580164464,4065.92065065976,52.7277846716734,993.038680689252,163.14845597578,64.2350229294838,970.427603671823,144.926272706165,146.00853848168,733.486760688317,506.701867464255,252.009992948916,15.0582906595092,77.997377035264,272.241556581127,62.4079168319187,2832.76991792609,74.0209793127685,48.4238377441381,319.340925404832,48.4345546714398,55.9578127266779,21.896060292456198,33.6874168619287,10.9051924815279,40.4419511423115,67.8471281158814,31.1821647753411,29.3540981515029,529.756667157366,2024-04-10T06:38:32Z,6,2024-04-09,21,16.721666666666668
240410_132903,445.149159144082,208.018881156693,3398.65466248012,57.9772990150601,973.950575533762,146.582526391002,26.4998752127167,1064.04667506627,91.1376754220427,85.3334342562533,589.111941617364,212.197198583729,183.205150050529,32.7074971652771,40.6847809249655,139.637693348354,28.7413753983099,1625.12336124297,218.480761490724,262.733056727391,198.234607356607,12.7357381503933,71.8226353774918,58.9734514667049,20.2738354799407,4.66502018910774,21.9795085513785,16.9629557690123,9.84368408242175,13.7549635580682,41.2923233033394,2024-04-10T13:29:03Z,7,2024-04-10,22,0
240410_144038,478.253599240262,241.304017331308,3319.00634889631,58.6097794561147,964.745108962608,151.201162137317,38.2927629125548,1142.60407072732,88.8600354733903,96.7775042887231,550.99371482777,215.549547169385,216.54857566176,38.9317555904446,43.2821637593336,165.747851451915,29.3713211892257,1763.94251660717,194.25821629544,204.195613942964,208.23651922323,11.5623005254258,67.751162209417,68.1837457667547,21.3658801132684,4.95131674160987,27.4101293946766,20.6101344097193,12.57458435369,15.8644851340931,38.5794516451063,2024-04-10T14:40:38Z,7,2024-04-10,22,1.1930555555555555
240410_155214,370.778911560485,261.69176696713,3532.28900668828,60.9712608238181,1013.57658259282,161.961151753409,39.8247009397969,562.054870496306,118.2291722256,109.684813798969,602.781714396604,284.954365810121,219.529244728158,32.9587617099929,52.9771165762603,193.830129162854,40.5157255691904,2128.03281187712,88.0397174608217,160.887333591263,236.177832723484,19.4178660044606,52.4860263991308,44.6407997931236,23.6234770514677,5.69040241131261,23.7311072914813,23.1222334709594,13.9003834071175,15.3551826455202,76.6365306359344,2024-04-10T15:52:14Z,7,2024-04-10,22,2.386388888888889
240410_170348,444.273973140354,227.977611918604,3560.94420896357,64.1881855399404,884.6553680652,170.027981352269,34.1624184523736,989.384076571194,104.695571845484,84.1968365116669,638.755077266258,242.85254516459,190.358239322514,34.9820484524135,48.2269311601155,178.126272077628,35.0708041707027,1814.22554871165,114.988180030386,215.378313884207,222.205788433784,18.0882363899222,72.7935827006775,49.9991707223021,21.3696851888295,5.7325642954988,23.9561837646291,25.1584629694824,19.7031813706363,15.2740437763294,219.594205345658,2024-04-10T17:03:48Z,7,2024-04-10,22,3.5791666666666666
240410_181522,453.167269542692,241.223373885309,3407.71596697904,60.6537765917021,1029.97865703139,176.806771348149,46.4981939007536,1209.96950512262,112.340244860194,104.541123250168,643.105321231279,271.023422102265,240.078157333825,38.1994503665737,50.7277207015454,178.250839007038,35.0021780003889,1854.50561940681,122.352808678293,205.689033410029,227.82757263103,20.5622790072521,76.2260388781328,59.7705367652836,24.7427718209125,6.18126911304985,23.5670763689608,19.5391423917042,12.4630653204221,15.3618456269899,50.3933459638178,2024-04-10T18:15:22Z,7,2024-04-10,22,4.771944444444444
240410_192657,413.804737721134,226.629095169467,3277.31732798284,59.3923041533439,1024.52026944426,158.272859206085,35.3428833418386,1019.53576656306,109.609556232822,109.608561553225,639.656757474871,257.547163226514,234.503196190744,32.3122253065772,49.3642458171954,178.141006845889,34.3785556951457,1863.87884670721,208.13011874216,153.348533382672,217.097359406447,19.7879637896779,57.2999554766472,45.4700583809488,25.0132073669553,6.57984410324569,23.8151916955642,49.7179812914766,21.902148355544,22.2013962565989,919.384513865531,2024-04-10T19:26:57Z,7,2024-04-10,22,5.965
240410_203832,440.969028169177,243.439255126279,3192.18945139205,57.0675283251586,1036.90726656214,139.330023034869,34.4769566942259,1488.5478171498,108.48081213398,111.717203826663,533.110655617289,226.266289505723,214.022629262002,29.1538549637587,47.0281374384466,143.095567897185,29.3433325563896,1794.6799496483,107.519531914416,127.980534489596,200.46960910053,16.923430261552,54.8268241801145,40.9307124690327,25.1830001823957,5.57400347238332,20.2108822513689,18.4838868075676,10.8817705532712,15.9499752884996,45.4170339303996,2024-04-10T20:38:32Z,7,2024-04-10,22,7.158055555555555
240410_215007,386.608027496827,244.907553714836,3260.16970111017,56.5607863392884,969.494917823018,144.296480788354,41.3792841252289,1208.48402382395,99.7444046453655,101.731753168491,585.967628831914,261.363082795176,184.07270333539,26.8840355051076,55.7649729555037,196.458613549756,38.8711827728666,2178.80714553946,121.142316329712,92.9548104438172,227.318789121068,19.0089373242857,54.6541795441727,29.9165247019534,24.2355494887387,5.44744103254259,22.4569502115522,24.6572684480358,14.8422687136644,15.6570067145556,68.6565814430719,2024-04-10T21:50:07Z,7,2024-04-10,22,8.351111111111111
240410_230144,364.94675294537,270.448785306899,3346.41864485064,56.0581388439185,984.264824907244,148.049567877852,48.363476714294,552.110301593175,114.360069555713,107.005772629512,596.460103362055,295.566472621558,184.569569459508,25.7007455571272,63.5548668555314,193.521425246299,40.8186325851744,2234.54988101207,38.0473626075343,83.6017120981284,248.062841853145,27.4845119711922,53.5642381999691,27.5077751973836,25.8577160919935,6.20504308133696,25.9512010531283,57.288329397695,24.3112011169466,34.0196605461259,533.597384907515,2024-04-10T23:01:44Z,7,2024-04-10,22,9.544722222222223
240411_001319,417.05450692088,264.740676465987,3595.70878458776,52.9093131689414,956.995323158909,151.539977865878,50.4370385297389,1018.00102902935,133.277285619972,127.771045867157,633.233707763579,344.377839557591,220.576199448741,20.8992041788419,64.9070853814927,216.114685825534,46.2643988137933,2452.45129494984,85.985727515425907,71.816073734768,247.752986289637,39.1421021496826,51.1878576910889,27.8874611890593,27.8350197756162,6.24997108685327,26.0229389071981,34.2244839353637,22.7573179910468,18.1012700798511,171.07488563564,2024-04-11T00:13:19Z,7,2024-04-10,22,10.737777777777778
240411_012454,415.170809006901,299.654754107823,3603.72888921833,54.7253343173569,1102.91663215166,154.525464198164,54.9485588259164,956.29723207298,154.640027319257,134.758184007111,552.353145621297,406.046838888672,234.995821218012,18.8694292278621,70.1629245244062,228.956645673183,55.8559576404462,2470.5791366952,125.898222787525,64.5424572828794,293.54355292743,46.262542315404,50.4739701566399,25.675499003534,29.7632537688608,7.35933027978678,32.01173851463,33.7941548624144,24.6676718343132,21.9432023342907,109.77576277154,2024-04-11T01:24:54Z,7,2024-04-10,22,11.930833333333334
240411_023629,434.65520976548,299.301562963345,3542.36346721019,53.0242804072587,1108.14482622854,136.151274000548,52.9753966586157,768.102481486695,138.248021111717,141.029441812815,556.568699644279,363.876059421488,212.347130566919,17.4344613734441,66.6199272611864,240.906737057902,45.9703065965352,2526.45775331615,48.0791307855132,51.6293952075208,264.556253484332,40.1516855665856,42.3740230238675,21.8293349103251,33.1290865220937,6.81083662136963,28.5477929590111,38.0888626006159,24.9695842983785,22.2890180074193,75.3368118908373,2024-04-11T02:36:29Z,7,2024-04-10,22,13.123888888888889
240411_034804,467.27962279244,305.109154498285,3733.99714598026,54.8621471501966,1106.22902089699,141.708515434045,57.6156148066932,790.922233693113,152.137368885482,141.324458068535,666.110314478297,420.246967633184,214.674121283731,16.9696779125416,71.2875978820128,262.783505610522,55.1553542325136,2671.40068225535,68.1205859164761,49.2803483099953,285.966007746285,46.8844222167459,45.902243054365,22.3261566299935,34.4406922351872,7.15730262055738,30.3182421163804,76.2822282285151,30.0471988092268,32.8683483202898,608.202536910211,2024-04-11T03:48:04Z,7,2024-04-10,22,14.316944444444445
240411_045939,388.775942984319,286.025531549625,3748.71498933534,51.3174882621452,952.459556089374,130.112561887027,55.5968494116321,1514.7688347187,155.596752871816,140.950382601665,634.388108112467,385.849884009528,214.784859462831,15.2807760314241,69.7306230886448,259.91480736855,53.1019025968614,2493.65785364905,135.017361519877,44.4407524266012,283.924649317989,44.6789563642648,44.0434469370951,20.5723228811383,32.6167129229546,7.32335361897305,33.1139707128373,46.4911793057271,27.29647131059,25.0021376943209,124.734332549132,2024-04-11T04:59:39Z,7,2024-04-10,22,15.51
240411_061116,451.777426123328,255.466419738961,3626.92073807382,50.3586368815876,967.648090298741,134.475454795712,52.7842932434975,798.261355265469,130.931937467838,133.231443446957,607.7509172296,391.35642594007,223.5024493362,13.2903445669163,65.2531391046541,246.262580699944,43.2466545211497,2557.36986184305,64.7994219246728,39.7794078244907,274.971480025449,40.5614935594871,39.0836394198905,19.6972868401884,31.4438544312059,10.5325516107672,29.6653173208072,111.044286266916,34.9523294058215,33.1138990438483,894.575648820465,2024-04-11T06:11:16Z,7,2024-04-10,22,16.703611111111112
240411_135904,371.689993798726,170.845184665106,2719.9833370736,46.9607633830789,936.447259252145,123.726230543564,29.8984165405036,1132.54926479889,76.5329015266936,64.4510479846164,499.586697949867,130.796771997601,145.558549043498,20.4545520295985,33.7580205365578,145.232285624319,25.5253683953184,1431.48314139012,195.139193229459,183.370949398339,163.514791318635,9.97391956481486,54.1891933770215,46.2143989131895,16.3153471245044,4.24387283539365,22.0967629453181,16.1037356216498,5.69594851789355,9.87130011899117,20.3206588068706,2024-04-11T13:59:04Z,8,2024-04-11,23,0
240411_154738,403.426815774408,218.599555446935,3307.28551434854,50.5356667375538,928.883700219734,139.136941672805,41.0909094436493,1697.85163959413,103.648709942552,98.0008479517699,643.437402207649,269.429260331234,214.825335547258,31.2366281784868,43.4436939206846,163.769575734828,44.2286361961164,1889.45004252363,166.215907822919,140.285250471785,242.431954949627,20.8979233144756,52.8563535713462,53.0556290442394,21.5857887854528,5.19753578524538,29.8583551006354,22.1238356000909,16.7910176326379,17.1221107082526,82.6644132099043,2024-04-11T15:47:38Z,8,2024-04-11,23,1.8094444444444444
240411_165914,417.053114202709,217.317910218157,3114.17202858656,53.3712127695722,960.245046428616,136.712389070185,36.8776892362689,1077.45766475211,92.1802140669409,97.7595042428207,574.085807500143,208.052852623058,203.139564377685,33.799939070657,39.7088731233402,165.024274455423,31.8933538631881,1785.93020208464,165.250540277939,192.227249830288,212.414896900087,13.9958110816005,64.0902669993343,56.6266991190585,20.6809576653793,5.42591616341863,22.2145829501378,16.1833810928998,12.1155496237211,15.958628411156,46.1537186603706,2024-04-11T16:59:14Z,8,2024-04-11,23,3.0027777777777778
240411_181050,440.619128547568,222.867870158406,3187.60554824419,53.4157747884726,995.151865540099,142.968844842275,31.9234059460892,1375.69470536606,99.9452999383629,97.8539073500887,592.15471695445,223.468532908196,209.442440161691,37.8033469077879,45.735590359804704,157.445108812323,30.0306596855366,1919.84440574894,187.674261588245,210.493872923093,214.906391375627,14.8583005490882,69.0796194836644,61.9232108345074,21.4087474088198,5.33482535402193,22.9655230160495,18.184778442427,9.51756513846454,15.6033117275991,37.3408174706935,2024-04-11T18:10:50Z,8,2024-04-11,23,4.196111111111111
240411_192226,453.970106724462,175.553649485418,3015.9225796209,56.9387357060349,984.372851480484,139.515833986683,25.3349470970228,1795.30389426069,86.4205678658809,83.2482878913941,577.584111297573,178.288879408456,175.051591474734,32.5912762905693,35.7682311171185,143.701928378168,24.9823472806158,1521.96609159518,311.164908674029,216.248694608075,189.778888155119,10.6561703982685,71.4656058865192,56.1424744718261,17.6228717597423,5.18492703752403,20.3302600094656,18.998420299019,11.8147027132907,10.7686004814877,65.8205902962673,2024-04-11T19:22:26Z,8,2024-04-11,23,5.389444444444444
240411_203400,402.047707143835,199.052967727235,3226.98067143113,51.5711516971132,993.681635798313,141.479000455913,37.8425573458449,1816.03512769805,97.9161415229737,91.6976059212468,596.001913328176,213.192808248907,194.428234765295,24.826845260915,44.8796279045683,157.821312085014,23.4535863651604,1810.26435387364,277.074928836199,125.305268315693,196.304439549639,9.7708672919041,57.4120300480008,42.0296001184395,19.536864223775,5.28027007370455,21.3285252064458,19.4006454895893,13.9489382333204,14.1108678514081,51.5090879583001,2024-04-11T20:34:00Z,8,2024-04-11,23,6.582222222222223
240411_214534,459.391066424717,227.976539973686,3703.73640281247,53.956858808175,949.491488331197,148.638867123079,39.2819315613393,1595.3584028883,107.711147296844,93.8569173576941,618.188677344223,293.352434016681,192.338604513656,24.2347633668906,54.442827687322,189.127390054813,44.2876659309669,2170.46749348235,218.56225265798,113.59913215247,264.278068853608,26.7760408907583,59.4393686872759,37.9926533246165,25.803406358096,6.22999085460105,25.9536173535864,21.6656954885471,13.4019859936002,12.3528239470626,56.6130423889647,2024-04-11T21:45:34Z,8,2024-04-11,23,7.775
240411_225711,420.091502375736,216.731752556457,3633.90856936471,52.0996743098083,1085.92369751046,135.079448771025,44.3622199355,818.881538717543,130.807705661556,116.373752959136,623.633771772299,337.838573980011,220.817287369232,19.2943274962663,57.377530014223,199.624383916711,43.2044588010285,2103.07363886911,93.4200433650314,78.3534875453639,264.573177711408,26.5190247428211,47.1759964266742,26.9570020870844,26.2534153003069,6.66680180293493,26.7970947933685,43.1360430130574,22.4387261444608,18.9065429148243,630.395155487446,2024-04-11T22:57:11Z,8,2024-04-11,23,8.96861111111111
240412_000848,435.453596381507,226.143562643924,3378.27086295213,48.6631785574888,1103.18897952038,126.311938284986,57.3778573178822,1154.9223385856901,136.733340085755,117.386679800206,603.163926308092,316.972313531801,210.620241156389,17.6941423573598,59.5260646792234,207.947669173419,43.0657236960181,2210.47351582168,161.26770259154,64.256821344595,254.932116898078,35.5917857824737,46.0007976991203,22.6526573869914,27.5223682344081,6.70612803364779,26.8259129338675,33.7683205258106,24.9189897418973,19.9462694104471,146.995204225167,2024-04-12T00:08:48Z,8,2024-04-11,23,10.162222222222223
240412_012023,368.403527396879,234.086741927144,3359.75513586054,48.9279205410472,1097.50524130184,125.142754039214,55.3399704674565,1844.78720896703,130.178732499752,113.912554925945,532.763722797546,284.014960340293,182.266580871736,16.134847424162,57.2155056078004,182.412255290364,37.3101632683561,2149.20460518351,229.071724688505,47.9954038465161,228.359102822354,15.7720446493787,39.44819726714,19.3539740839258,24.6345375766333,5.9805283708848,24.8979720136666,32.0012893919763,23.0865066629173,20.2477372618899,62.9973433617404,2024-04-12T01:20:23Z,8,2024-04-11,23,11.355277777777777
240412_023157,407.437000562846,288.433251254747,3525.94580214301,51.611833483846,1116.19618919113,133.139130280819,51.8849136652128,373.760700575508,135.016029166718,127.93110670133,588.218384205432,355.161901632552,199.900166239552,16.4150404209059,66.1003269281103,245.022331737679,45.4219917050362,2334.13877026238,62.0676607027438,51.0873426922894,269.736677206067,39.4264673570387,38.7518277265152,21.6010642503095,27.4194132213992,7.24742614526616,27.9592524775541,35.3394408367018,18.6563323813237,16.6219667178733,55.0878349844726,2024-04-12T02:31:57Z,8,2024-04-11,23,12.548055555555555
240412_034331,425.604529856022,264.147126642889,3588.7248220939,49.7539084723245,1102.3455571537,139.586557618678,57.2270783299052,913.849295050321,153.351710217985,125.316998091339,566.706588697534,408.713092282417,212.034904545214,14.9253860787747,70.8322309893486,247.92829233929,54.6102200753993,2609.84693690835,58.176737060786,49.0237155933106,292.908628906896,36.4396023953471,41.5562627431857,23.0881163985109,29.0908197183311,7.28413466112601,32.0383913158336,39.8187280167499,20.7027378410211,18.9072601474988,39.7647604652153,2024-04-12T03:43:31Z,8,2024-04-11,23,13.740833333333333
240412_045509,345.532682448696,251.955127501754,3692.82450115097,47.3172042242678,976.830855478247,138.04863521236,55.5584229563261,743.011662725508,129.595141214188,110.130411231342,534.987292665797,405.367274978554,208.438260284408,14.4611598037854,67.9839448619392,239.971298053704,47.6280050377051,2580.36876888116,121.419109499205,47.570038466456,283.333525913414,35.386216757226,42.0851324178332,21.6568103257405,28.6338414951727,7.11099974664957,32.0087041290474,37.8508340285426,20.4230757106882,21.2968277794148,86.0520977812899,2024-04-12T04:55:09Z,8,2024-04-11,23,14.934722222222222
240412_060644,343.64067193513,256.162083081843,3743.53648534698,49.1861991680555,977.025902498186,127.604805822939,54.4346102434508,1266.45618617866,127.19874594822,134.154666782133,606.76483116508,378.431696320748,206.076595070199,13.304523362623,68.0656925695689,259.272957891419,50.4869251195528,2608.57832211456,172.08679308771,40.824085271459,276.533059647613,35.4372747357229,41.8717713875522,19.6794663995495,30.0290615468285,7.22385505566904,33.3332681885672,51.839939337077,31.3461478147219,32.1115953687594,186.561886452811,2024-04-12T06:06:44Z,8,2024-04-11,23,16.127777777777776
240412_071819,362.076030260975,264.301971975984,3611.93956968334,47.0057410822501,981.708570749717,133.415039681536,56.3009863771433,1688.86554945244,134.184705735553,133.382354782719,659.028782437856,448.880044546006,217.071268191357,11.7443002182253,68.2849072837034,269.130904381007,55.6440442885441,2592.31668006469,196.992886414256,39.6731074919567,315.481890621445,40.2788076236859,39.998551061233,19.1456679595918,30.7644140632536,10.6485443548132,34.2003111073131,45.1056280605517,22.9761095863965,23.9570894225466,126.763437744459,2024-04-12T07:18:19Z,8,2024-04-11,23,17.320833333333333
240412_131732,355.923832891131,182.654647911032,2957.08367883099,48.7840659289144,837.884627111138,137.637515829033,34.8180944920847,1120.67073616635,89.3126313143196,74.9918237881103,551.338492835239,182.624663793707,187.361202826762,25.9691293688347,37.4737899658197,152.565175121946,25.956876343598,1515.34865333924,219.530910409414,187.67502316601,181.470372940978,12.2595563235154,54.5364809099933,53.1336706806745,18.227791980464,4.66855091177261,20.9566420787586,13.6941247507441,5.02366448854091,10.7376248865148,18.5448299337659,2024-04-12T13:17:32Z,9,2024-04-12,24,0
240412_142906,343.125588793891,189.142148153267,3061.92534552948,43.3031297222323,864.900094708656,122.688788007104,29.337087596247,781.304248014331,73.397279897128,73.2811282411494,488.479845528917,154.314108041993,138.222363583005,23.9666233557918,32.4972918013099,144.243171669551,31.022550672738,1556.51743004267,135.540402098832,144.355758661847,193.507333077478,10.4415130838808,50.7216663647595,47.8778446685561,15.5683200193765,4.30422372341165,25.3792307717083,19.1527433645724,7.09395723486675,7.52328763869919,19.5598974602011,2024-04-12T14:29:06Z,9,2024-04-12,24,1.1927777777777777
240412_154041,346.640758800414,213.366446881946,3316.76462418699,45.3669694785009,875.25971656264,125.241844062943,32.9185390675761,1137.40148831236,83.3375600589991,79.1139488881095,513.981838668386,189.131455971608,151.38234468334,28.1998415869416,35.4515189523934,160.564652327964,47.8280467383867,1701.61988237955,204.795503521329,116.164052934997,231.538290983719,15.1297902939079,39.4107969569648,42.1361726284792,17.2558438350192,3.94112919418893,31.6783080721869,27.9052390017393,9.87781474284808,10.5901792204218,63.7787089974638,2024-04-12T15:40:41Z,9,2024-04-12,24,2.3858333333333333
240412_165216,370.884664737334,184.297106982776,3232.17974073157,44.9181934556588,872.986660356368,136.192189984409,29.4752544589736,1013.1064329986,67.296152837366,73.3025170127566,537.111963124195,176.641596892257,170.625425618815,31.8440547174553,33.869835169187,147.879000796566,33.8002858680567,1481.32565893877,148.80176453743,181.584784596274,212.612494080345,11.438790608524,62.975900166095,78.1396401518964,16.3114186699581,4.32872668695088,27.6148717271869,39.9470527509499,12.9251297057162,16.3228866207205,836.774018653235,2024-04-12T16:52:16Z,9,2024-04-12,24,3.578888888888889
240412_180351,537.319391394409,198.721532678895,3339.12323089198,46.6084862745167,960.666511946809,133.597605213023,33.6259671316856,1640.34961669818,83.9815405429718,87.3374308516025,551.84601789952,224.101453585687,189.460120454311,26.9494088149588,37.0654576586765,154.15526424692,33.7926314944385,1628.13318481063,236.723701882834,144.848195007743,220.790997568076,16.0459765260911,61.6595729647815,75.1682274908092,20.0794543932039,5.14183537732168,24.8864040011199,18.1978697108421,5.82722873997035,12.6096607001993,22.1179876781837,2024-04-12T18:03:51Z,9,2024-04-12,24,4.771944444444444
240412_191526,445.979940199602,202.471284718422,3189.56942961058,53.2857906695249,982.694932250952,134.403064409597,38.4183742581483,696.891074094367,94.2946480402646,90.667397132068,498.789191306065,217.728371450984,210.244944720961,31.8325286922588,41.4572470071262,151.529950714911,30.7791596036604,1597.9687258101,73.6672334557257,172.585896170199,212.976542604172,15.7149245293424,62.7243411666607,51.8999386322859,20.8343951254937,4.91225729366219,21.5976525759153,16.6980660546628,8.80885993012606,12.2487932368931,36.3224332193911,2024-04-12T19:15:26Z,9,2024-04-12,24,5.965
240412_202702,543.926953180737,223.486884493902,3314.6526121154,53.0318475065765,996.036381426033,126.949520126112,32.0487074112798,1343.16034966773,100.624026986739,101.987846140609,556.157557084419,231.3417209182,167.808812588096,27.9351194752046,45.279062712616,170.294369479017,31.470820187174,1750.11417964173,191.264414648191,123.498676860058,214.025614952129,16.4009329727828,53.3640142570189,47.0777166431466,22.077976828904,5.3196421101186004,21.888358796729,22.4659549573326,14.8473766644669,14.6708451782378,70.3109307576618,2024-04-12T20:27:02Z,9,2024-04-12,24,7.158333333333333
240412_213837,413.033387331142,234.746579613306,3327.78795205424,50.1099210984336,1009.96649359035,128.269333915455,36.4123544269009,1269.92659045199,115.336906927696,108.389601294876,540.008629988471,243.203093476272,191.598918809874,24.4321897245827,50.9099345697039,188.493682264641,34.0040786838301,1941.4590474092,193.431130050372,94.9951974919856,215.05852237351,12.1578194393112,47.4657573266965,29.1519020970254,21.7895194125343,5.48328940848705,23.5902102190564,21.4879723013818,7.09214793606694,13.5284842902796,18.9224669186876,2024-04-12T21:38:37Z,9,2024-04-12,24,8.35138888888889
240412_225011,389.025123677311,247.329203002131,3520.59910316254,50.6047956635731,1082.58638625833,136.5829200998,55.7373929191945,1178.42465681568,128.501751101832,113.431162319794,579.337664331375,288.837143628944,191.59717501021,20.6831161010558,58.0018178884177,211.645918384125,40.9454158866158,2145.58014285611,150.687563884928,76.6592428813595,249.852753241338,23.4625142143429,49.0379308737797,27.5866673983425,24.1891112098021,6.47596569785492,25.8443565259848,25.6355805617503,9.86586342376213,12.5142414606473,39.2114840784964,2024-04-12T22:50:11Z,9,2024-04-12,24,9.544166666666667
240413_000146,379.035219747475,297.30048126694,3710.34250120197,16.1884303295877,1086.23072050914,135.040136261408,57.9138401483689,1751.65375696236,131.208813106267,119.287581570107,455.68357207899,362.367472718734,192.461828751478,16.4493199547027,59.5775361816064,265.089352594999,47.1420398565445,2387.59229668393,192.820661431193,52.839857613284,284.448433685793,37.9953301879193,43.8039775448204,27.8367155293719,25.3918390115205,10.8732120122061,28.153937013828,51.161602705204,20.4853099309851,22.2776983609197,314.277809845095,2024-04-13T00:01:46Z,9,2024-04-12,24,10.737222222222222
240413_011321,424.850297535814,251.236556585674,3662.74832427417,47.1050562359454,1097.72445623016,139.638301715969,50.3918721613653,1329.31551960416,138.578912448901,122.056979523868,582.98650200103,386.954741369792,209.851121777703,16.8333928691635,64.2303179891278,222.706129002349,49.1667290082318,2447.29288142263,124.337923806248,57.4840144250155,283.939868046827,42.127646760275,51.6719235772989,23.8685975167916,29.5325189367252,6.91203165076616,27.741947300151,37.2363246903894,21.5219362471367,18.8964462794734,170.576621524734,2024-04-13T01:13:21Z,9,2024-04-12,24,11.930277777777778
240413_022454,378.362029900166,247.222673669784,3705.17767869789,44.817325561941,1089.25850992011,123.031265330512,50.8119557735458,725.464358204436,141.239282323062,127.752298748511,610.420077239281,380.790272884955,219.269238360325,12.3806340815458,62.5374081565168,225.500415874406,48.658968727188,2405.02949791927,108.354807472626,47.7712722710326,280.146962043409,31.6104061776719,43.7602025052106,20.188538918297,29.4240549308306,6.43396541061615,27.8321103065626,59.6974564544286,28.6000290512516,29.9623804479471,641.94644231743,2024-04-13T02:24:54Z,9,2024-04-12,24,13.122777777777777
240413_033632,376.756310969218,282.743184184366,3788.69830853512,47.6765104042127,1103.75243296438,123.433316837735,63.8024113869347,1621.51670173284,145.071425193277,132.742759671398,633.129130002689,384.777098995267,209.643676691274,14.1137851170373,63.756671950482,207.684866306071,50.8035277624369,2498.42157327238,110.442822397922,44.3423032682114,279.427714638283,41.6801413842921,38.8553613956092,24.1730354099968,31.1357365897411,6.97485853009393,30.9553237950597,48.481073236521,27.1478206991799,24.111385966044,242.27896571369,2024-04-13T03:36:32Z,9,2024-04-12,24,14.316666666666666
240413_044808,442.440521753439,320.393168983023,3497.63429347441,47.6036386231998,1101.62199793399,121.461774537103,67.010040007838,1600.66225644009,139.903295757224,142.06158327025,602.113930956257,381.580136430418,202.867098722061,12.9093819037822,65.4979532304668,275.869237330436,46.6816379093448,2552.97839492246,112.348358828131,37.2864284834752,275.177984768668,40.4044065302747,38.2862126525952,19.5575670770802,30.9404235920078,7.4834899829689,31.3161593494934,123.373092355235,32.1124599139568,40.9535557416477,740.529123445506,2024-04-13T04:48:08Z,9,2024-04-12,24,15.51
240413_055945,406.413851945348,274.194856923083,3617.36918810092,48.3230610378094,1104.46282250374,128.857362233478,55.693859354543,1015.87874173932,150.223713269569,126.323299441673,600.185312801789,401.590508726008,185.166824019046,14.1096687326138,68.2195449237824,252.413013939977,50.6295605728542,2604.83889204928,98.0777309076142,38.228555539357,290.025429021896,35.777517275674,40.1519711159147,19.7666985470146,29.6028270354011,7.18860371117996,31.5583848172622,42.4916181162752,23.1252740058878,23.6373532870234,57.7297695809611,2024-04-13T05:59:45Z,9,2024-04-12,24,16.703611111111112
